,ID,Age,Years of Experience,AI Score
ID,1.0,-0.012082126252181882,-0.021132906202060795,-0.0039024805056618573
Age,-0.012082126252181882,1.0,0.053676183807762755,0.048467417272151314
Years of Experience,-0.021132906202060795,0.053676183807762755,1.0,0.7597104503843602
AI Score,-0.0039024805056618573,0.048467417272151314,0.7597104503843602,1.0
