Gender,total,shortlisted,shortlisted_rate
F,1029,882,0.8571428571428571
M,999,851,0.8518518518518519
Other,8,7,0.875
