,Age,Years of Experience,AI Score
count,2036.0,2036.0,2036.0
mean,39.47347740667976,1.906188605108055,2.4013752455795676
std,10.08727438707688,1.9897874423262236,1.432551742861876
min,0.0,0.0,0.0
25%,33.0,1.0,1.2
50%,39.0,1.0,2.0
75%,46.0,3.0,3.0
max,65.0,15.0,10.0
