Job,mean_time_to_interview_days
Accountant,26.571022727272727
Associate,29.105263157894736
Creative Technologist,28.81764705882353
Data Analyst,28.164082687338503
Data Scientist,26.73665480427046
Research Analyst,26.424
