threshold,tn,fp,fn,tp,accuracy
5.0,296,0,1606,134,0.2111984282907662
6.0,296,0,1672,68,0.1787819253438114
7.0,296,0,1715,25,0.15766208251473476
